{"stats":{"minecraft:mined":{"minecraft:grass_block":6,"minecraft:dirt":3,"minecraft:birch_log":10,"minecraft:stone":19,"minecraft:birch_leaves":1,"minecraft:crafting_table":1},"minecraft:used":{"minecraft:rotten_flesh":1,"minecraft:dirt":4,"minecraft:crafting_table":2,"minecraft:stone_pickaxe":16,"minecraft:wooden_pickaxe":11},"minecraft:custom":{"minecraft:time_since_rest":10456,"minecraft:crouch_one_cm":1017,"minecraft:sprint_one_cm":4950,"minecraft:play_time":10456,"minecraft:damage_taken":125,"minecraft:walk_one_cm":17489,"minecraft:sneak_time":525,"minecraft:mob_kills":1,"minecraft:jump":69,"minecraft:damage_dealt":198,"minecraft:leave_game":2,"minecraft:time_since_death":10456,"minecraft:total_world_time":10456,"minecraft:interact_with_crafting_table":5,"minecraft:fall_one_cm":2047,"minecraft:fly_one_cm":2712},"minecraft:picked_up":{"minecraft:birch_log":10,"minecraft:crafting_table":1,"minecraft:stick":3,"minecraft:rotten_flesh":1,"minecraft:dirt":13,"minecraft:cobblestone":23,"minecraft:egg":1},"minecraft:crafted":{"minecraft:birch_planks":40,"minecraft:crafting_table":1,"minecraft:stick":4,"minecraft:stone_pickaxe":1,"minecraft:wooden_pickaxe":2},"minecraft:killed":{"minecraft:zombie":1}},"DataVersion":3465}