{"stats":{"minecraft:mined":{"minecraft:birch_log":22,"minecraft:iron_ore":2,"minecraft:birch_leaves":1,"minecraft:crafting_table":2,"minecraft:grass_block":7,"minecraft:coal_ore":21,"minecraft:dirt":3,"minecraft:stone":34},"minecraft:used":{"minecraft:stone_pickaxe":54,"minecraft:wooden_pickaxe":11,"minecraft:rotten_flesh":1,"minecraft:stone_axe":14,"minecraft:dirt":4,"minecraft:crafting_table":2,"minecraft:egg":1},"minecraft:picked_up":{"minecraft:birch_log":22,"minecraft:stick":3,"minecraft:crafting_table":2,"minecraft:raw_iron":2,"minecraft:chicken":1,"minecraft:dirt":14,"minecraft:rotten_flesh":1,"minecraft:birch_sapling":1,"minecraft:coal":21,"minecraft:cobblestone":38,"minecraft:egg":1},"minecraft:custom":{"minecraft:time_since_rest":12786,"minecraft:sprint_one_cm":9591,"minecraft:damage_taken":125,"minecraft:walk_one_cm":23012,"minecraft:mob_kills":2,"minecraft:damage_dealt":238,"minecraft:interact_with_crafting_table":6,"minecraft:fly_one_cm":3997,"minecraft:crouch_one_cm":1767,"minecraft:play_time":12786,"minecraft:sneak_time":794,"minecraft:jump":85,"minecraft:leave_game":3,"minecraft:time_since_death":12786,"minecraft:total_world_time":12786,"minecraft:fall_one_cm":2047},"minecraft:crafted":{"minecraft:crafting_table":1,"minecraft:stick":8,"minecraft:wooden_pickaxe":2,"minecraft:stone_pickaxe":2,"minecraft:birch_planks":40,"minecraft:stone_axe":1},"minecraft:killed":{"minecraft:zombie":1,"minecraft:chicken":1}},"DataVersion":3465}