{"stats":{"minecraft:picked_up":{"minecraft:stick":1,"minecraft:birch_sapling":2},"minecraft:custom":{"minecraft:jump":53,"minecraft:time_since_rest":20225,"minecraft:damage_taken":215,"minecraft:damage_dealt":20,"minecraft:crouch_one_cm":46,"minecraft:leave_game":12,"minecraft:sprint_one_cm":5953,"minecraft:play_time":20225,"minecraft:time_since_death":20225,"minecraft:walk_on_water_one_cm":234,"minecraft:walk_one_cm":5289,"minecraft:sneak_time":120,"minecraft:total_world_time":20225,"minecraft:walk_under_water_one_cm":253,"minecraft:fall_one_cm":1317,"minecraft:fly_one_cm":18502,"minecraft:aviate_one_cm":6047}},"DataVersion":3465}